{
    "RMSE": 4.108073351914472,
    "MAE": 3.4289924252345494,
    "MAPE": 19.429058783936654
}