{
    "RMSE": 5.43310332874728,
    "MSE": 29.518611780844772,
    "MAE": 3.9408373877617335,
    "R2": -0.0340400404893626,
    "Adj_R2": 33.05524125517024,
    "MAPE": 29.465801724548484
}